########################
# Erste Liga 2015/16
#
#  - 10 Teams

# NB: use three letter codes from bundesliga.at


[wrneustadt]
  SC Wiener Neustadt|Wiener Neustadt|Wr. Neustadt|SC Wr. Neustadt, 1908, WRN
  Erste Liga/NÖ
  Giltschwertgasse 81 // 2700 Wiener Neustadt       # (NÖ) Niederösterreich
  www.scwn.at
  de.wikipedia: SC_Wiener_Neustadt


[innsbruck]
  FC Wacker Innsbruck|FC Wacker|Wacker Innsbruck|Innsbruck, 1913, FCW
  Erste Liga/Tirol
  Stadionstraße 1b // 6020 Innsbruck
  www.fc-wacker-innsbruck.at
  de.wikipedia: FC_Wacker_Innsbruck_(2002)


[alustenau]
  SC Austria Lustenau|Austria Lustenau|A. Lustenau, 1914, ALU
  Erste Liga/Vbg.
  // Lustenau
  www.austria-lustenau.at
  de.wikipedia: SC_Austria_Lustenau

[stpoelten]
  SKN St. Pölten|Sportklub Niederösterreich St. Pölten, 2000, SKN
  Erste Liga/NÖ
  // St. Pölten
  www.skn-stpoelten.at
  de.wikipedia: SKN_St._Pölten

[stpoeltenii]
  SKN St.Pölten Juniors




[ksv]
  Kapfenberger SV|Kapfenberger SV 1919|KSV 1919, KSV
  Erste Liga/Stmk.
  // Kapfenberg
  www.ksv1919.at
  de.wikipedia: Kapfenberger_SV


[aklagenfurt]
  SK Austria Klagenfurt|SG Austria Klagenfurt|Austria Klagenfurt|A. Klagenfurt, KLA
  Erste Liga/Ktn.



[asalzburg]
  SV Austria Salzburg|Austria Salzburg|A. Salzburg, AUS
  Erste Liga/Sbg.


[liefering]
  FC Liefering, 1947, FCL     ## LIE
  Erste Liga/Sbg.
  // Salzburg     # from Regionalliga West - Liefering - Stadtteil von Salzburg
  de.wikipedia: FC_Liefering

[fac]
  Floridsdorfer AC|FAC Team für Wien, 1904, FAC
  Erste Liga/Wien
  // Wien
  www.fac.at
  de.wikipedia: Floridsdorfer_AC

[lask]
  LASK Linz, 1899, ASK   ## LAS
  // Linz
  Erste Liga/OÖ
  www.lask.at
  de.wikipedia: LASK_Linz


# note:
#  2015/16
#    ++ SK Austria Klagenfurt, Austria Salzburg
#    -- SV Horn, TSV Hartberg
#  2014/15
#    ++ LASK Linz,  Floridsdorfer AC
#    -- (moved to teams_3)   ???
#  2013/14
#    ++ SC/ESV Parndorf 1919, FC Liefering
#    -- FC Blau-Weiß Linz,  FC Lustenau 1907
